Comment,Designator,Footprint,LCSC,Quantity
1uF,"C1,C2,C3,C4,C5,C6",C_0603_1608Metric,C15849,6
STM32F042K6Ux,U2,QFN-32-1EP_5x5mm_P0.5mm_EP3.45x3.45mm,C2053439,1
1k,"R8,R9",R_0603_1608Metric,C21190,2
120,R2,R_0603_1608Metric,C22787,1
LED,"D1,D2",LED_0603_1608Metric,C2286,2
4.7k,"R11,R12,R13",R_0603_1608Metric,C23162,3
5.1k,"R3,R4",R_0603_1608Metric,C23186,2
82,R10,R_0603_1608Metric,C23255,1
100k,"R5,R6",R_0603_1608Metric,C25803,2
47k,R1,R_0603_1608Metric,C25819,1
USB_C_Receptacle_USB2.0_14P,J2,USB_C_Receptacle_XKB_U262-16XN-4BVC11,C2765186,1
THVD8000,U1,SOT-23-8,C2848812,1
3k,R7,R_0603_1608Metric,C4211,1
Screw_Terminal_01x02,J1,TerminalBlock_bornier-2_P5.08mm,C709041,1
Conn_01x05_Pin,"J3,J5",PinHeader_1x05_P2.54mm_Vertical,C492404,2
10nF,C7,C_0603_1608Metric,C57112,1
TLV70033_SOT23-5,U3,SOT-23-5,C5884123,1
