Designator,Val,Package,Mid X,Mid Y,Rotation,Layer
C1,1uF,C_0603_1608Metric,43.225,-23.259054,0.0,top
C2,1uF,C_0603_1608Metric,43.225,-28.300412,0.0,top
C3,1uF,C_0603_1608Metric,43.395,-42.295,-90.0,top
C4,1uF,C_0603_1608Metric,37.825,-29.915,0.0,top
C5,1uF,C_0603_1608Metric,46.987706,-35.701567,-90.0,top
C6,1uF,C_0603_1608Metric,34.565,-23.555,0.0,top
C7,10nF,C_0603_1608Metric,43.225,-26.61996,0.0,top
D1,LED,LED_0603_1608Metric,41.715555,-42.278787,90.0,top
D2,LED,LED_0603_1608Metric,40.025,-42.255,90.0,top
J1,Screw_Terminal_01x02,TerminalBlock_bornier-2_P5.08mm,49.308919,-27.609053,90.0,top
J2,USB_C_Receptacle_USB2.0_14P,USB_C_Receptacle_XKB_U262-16XN-4BVC11,32.38,-42.505,270.0,top
J3,Conn_01x05_Pin,PinHeader_1x05_P2.54mm_Vertical,43.275,-45.985,0.0,top
J5,Conn_01x05,PinHeader_1x05_P2.54mm_Vertical,52.104998,-40.945,90.0,top
R1,47k,R_0603_1608Metric,31.988527,-24.30021,90.0,top
R10,82,R_0603_1608Metric,43.225,-24.939506,0.0,top
R11,4.7k,R_0603_1608Metric,49.435,-35.725,90.0,top
R12,4.7k,R_0603_1608Metric,49.425,-39.305,90.0,top
R13,4.7k,R_0603_1608Metric,49.415,-42.525,90.0,top
R2,120,R_0603_1608Metric,43.225,-29.980863,180.0,top
R3,5.1k,R_0603_1608Metric,37.645,-43.115,0.0,top
R4,5.1k,R_0603_1608Metric,36.955,-40.315,90.0,top
R5,100k,R_0603_1608Metric,45.255,-35.685,-90.0,top
R6,100k,R_0603_1608Metric,45.065,-38.625,180.0,top
R7,3k,R_0603_1608Metric,30.235,-24.305,-90.0,top
R8,1k,R_0603_1608Metric,40.005,-39.135,-90.0,top
R9,1k,R_0603_1608Metric,41.715556,-39.148788,-90.0,top
U1,THVD8000,SOT-23-8,38.12436,-25.864083,180.0,top
U2,STM32F042K6Ux,QFN-32-1EP_5x5mm_P0.5mm_EP3.45x3.45mm,40.615,-34.175,180.0,top
U3,TLV70033_SOT23-5,SOT-23-5,46.695,-41.83,270.0,top
